<?xml version="1.0" encoding="UTF-8"?>
<!DOCTYPE configuration PUBLIC "-//mybatis.org//DTD Config 3.0//EN" "http://mybatis.org/dtd/mybatis-3-config.dtd">

<configuration>
	<!-- MySQL 접속 정보를 지정한다. -->
	<properties>
		<property name="hostname" value="localhost" />
		<property name="portnumber" value="3306" />
		<property name="database" value="PKJInsurance" />
		<property name="username" value="root" />
		<property name="password" value="126479" />
	</properties>

	<!-- MySQL 접속 객체 구성 -->
	<environments default="development">
		<environment id="development">
			<transactionManager type="JDBC" />
			<dataSource type="POOLED">
				<property name="driver" value="com.mysql.cj.jdbc.Driver" />
				<property name="url" value="jdbc:mysql://localhost:3306/PKJInsurance?characterEncoding=UTF8&amp;serverTimezone=UTC" />
				<property name="username" value="root" />
				<property name="password" value="126479" />
			</dataSource>
		</environment>
	</environments>

	<!-- 실행할 SQL문을 정의한 Mapper XML의 경로를 지정한다. -->
	<mappers>
		<mapper resource="AccidentReceptionMapper.xml" />
		<mapper resource="carInsuranceMapper.xml" />
		<mapper resource="employeeMapper.xml" />
		<mapper resource="fireInsuranceMapper.xml" />
		<mapper resource="InsuranceMapper.xml" />
		<mapper resource="InsuranceToolMapper.xml" />
		<mapper resource="onTheSeaInsuranceMapper.xml" />
		<mapper resource="searchMapper.xml" />
		<mapper resource="specialInsuranceMapper.xml" />
		<mapper resource="InsuranceToolClientMapper.xml" />
		<mapper resource="InsuranceApproveMapper.xml" />
		<mapper resource="pdMapper.xml" />
		
	</mappers>
</configuration>