<?xml version="1.0" encoding="UTF-8"?>
<!DOCTYPE mapper PUBLIC "-//mybatis.org//DTD Mapper 3.0//EN" "http://mybatis.org/dtd/mybatis-3-mapper.dtd">


<mapper namespace="employeeMapper">
   <!-- Beans 클래스의 객체이름(id)과 클래스이름(type)을 명시한다. -->
   <resultMap id="employeeMap" type="model_employee.mEmployee">
      <!-- Beans의 멤버변수(property)이름과 대상 테이블의 컬럼(column)을 연결한다. -->
      <result property="employeeID" column="employeeID" />      
      <result property="name" column="name" />
      <result property="age" column="age" />
      <result property="address" column="address" />
      <result property="phoneNumber" column="phoneNumber" />
      <result property="emailAddress" column="emailAddress" />
      <result property="role" column="role" />
      
   </resultMap>

   <!-- 단일행 조회를 위한 기능 정의 -->
   <select id="selectEmployeeID" parameterType="model_employee.mEmployee" resultMap="employeeMap">
        SELECT employeeID FROM employee where employeeID = #{employeeID};
    </select>

</mapper>